-8.10241298887397E-16,-31622.7766016838,-15.1216745318845,-1.27264123671168E-07,0.240138126457305,-0.463413453178948,0.656377760661446,-0.814107811365186,0.924143647846132,-1.00298686332322,1.06128024335006,-1.08467886403097,-1.08930143176809,1.07994343290757,1.06145968374074,-1.03517003841646,-1.00233891774033,0.965456333160158,-0.927139205928264,0.888006850356689,-0.84651202478652,0.810538719465383,-0.770197410570698,0.732496197576004,-0.696924689989639,0.66296793575563,0.629700778587304,0.597580989477863,-0.567093977071018,-0.53836230586646,-0.511134756620563,0.485645009940992,0.459123952564461,0.435643946271288,0.413108586208387,0.391341294679719,0.370290697913168,0.350149614789416,0.331007889098978,0.31270420224966,0.295002243988659,-0.27783979697975,-0.261290247165297,-0.24525859674098,-0.229828840839668,-0.214765226168794,-0.200008261814757,-0.185573756843018,-0.171453197526785,-0.157579665422117,-0.143939516333337,-0.13132564315657,0.113691541513837,-0.015319788201084
-2.38320545746344E-16,4.22405088974121E-20,-6.47121923713896,-5.44079922797343E-08,0.110555884861338,-0.213898593320898,0.304226858439666,-0.379431551642582,0.433636674997562,-0.474279326576519,0.506124658314742,-0.522002469658529,-0.529243056489887,0.529883037033315,0.526074523813387,-0.518293383536735,-0.50702985438098,0.493435242746555,-0.478775724823528,0.463339920125409,-0.446293681751991,0.431785029648027,-0.414595793064359,0.398456045830071,-0.38312658526241,0.368356785059948,0.353654272316936,0.339291758320843,-0.325565148808836,-0.312572579683175,-0.300196428050182,0.288597514300829,0.276157097574801,0.265311029940571,0.254834326463004,0.244633552077837,0.234690009394857,0.225140319366823,0.216061094581867,0.207367605933464,0.198920682457317,-0.19069229365497,-0.182745917065651,-0.175034284713497,-0.16763191487577,-0.160386986095315,-0.153269240138996,-0.146305459669657,-0.139506986120194,-0.132841007063569,-0.126311159867238,-0.120886632424692,0.110693799415591,-0.01305786866128
3.3360020739471E-16,-2.76541213368044E-20,2.17923605760659,1.84481391116995E-08,-0.019026356734628,0.035616266537153,-0.047924043782113,0.055244708080021,-0.056870297851008,0.054428210170183,-0.049030926720574,0.040673924713913,0.030815318788314,-0.020177358840942,-0.009310636113964,-0.001416728657009,-0.011720791021632,0.021414152332953,-0.030412243718793,0.038672989894129,-0.046075338717461,0.05303133983067,-0.05899417555802,0.064415894084138,-0.069328480535181,0.073745634364266,0.077607766046568,0.081002527163823,-0.084036320546654,-0.086782853499891,-0.089258099479801,0.091550018660665,0.09319024258514,0.094978113609854,0.096560066717621,0.097925809475954,0.099089320876545,0.100131023944229,0.101114300064754,0.102031009617269,0.102839120925975,-0.103544790330189,-0.104201586966005,-0.104809972686013,-0.105434988911872,-0.106008746021836,-0.106530218463234,-0.107037162496297,-0.107560774713603,-0.108102348705021,-0.108682803401139,-0.110447621692814,0.107696057317345,-0.010795949121477
3.58530540105871E-16,3.31603067143429E-20,-0.980144612054495,-8.32261735221666E-09,-0.010507899974448,0.021963622352654,-0.03493288234927,0.049584505861244,-0.064807868872353,0.080680482688169,-0.097090716408374,0.111614380449339,0.12459670027134,-0.135696320519161,-0.144861833631918,0.151803218886683,0.156379637675673,-0.158780512653713,0.159352769163134,-0.158219720609729,0.155158300544302,-0.151705078101782,0.146156362659575,-0.139936865125263,0.133083323094624,-0.125620981976934,-0.11749152645886,-0.108892523770769,0.100014233479747,0.090963905378119,0.081772213109779,-0.072544444227333,-0.062918673978985,-0.053563007997473,-0.044207025866753,-0.034875910528347,-0.025606429120811,-0.016444188910502,-0.007408267288684,0.001501353154314,0.010278647732905,-0.018912685788051,-0.02740251298058,-0.035754178335285,-0.043987603450795,-0.052085654293098,-0.060048656062677,-0.067901338275337,-0.075674231500378,-0.083385668045463,-0.091060209641752,-0.100009376124635,0.104698292512847,-0.008534029581579
-2.00470541004503E-16,4.09514491368247E-21,0.548556229236573,4.58509276408384E-09,0.032968626840571,-0.065731120473745,0.097729242453665,-0.128400524620877,0.154827960543314,-0.177939158128182,0.19794579829489,-0.210526660963117,-0.217306581613158,0.218357211109391,0.214209559337966,-0.205046505340824,-0.191331844551688,0.173970211439985,-0.153994049083778,0.13210282518869,-0.108726826708848,0.085505466358895,-0.061778487361761,0.038859168438262,-0.017063608017236,-0.003310462130228,-0.021956963910191,-0.03862365655562,0.053159619335375,0.065487954517659,0.075543408031666,-0.083354476990199,-0.088490940888812,-0.091698849826593,-0.092713737558353,-0.091605593499214,-0.088494626245765,-0.083580057610304,-0.077050337634436,-0.069040023850369,-0.059673668945358,0.049120818206322,0.037577005335128,0.025190227511721,0.01213336865819,-0.001469811199153,-0.015477923257091,-0.029768732280942,-0.044248315375469,-0.05884178607324,-0.073483722692967,-0.089577358105114,0.101700335617461,-0.006272110041414
1.11016602519622E-16,-1.87079819704368E-21,-0.321922030755212,-2.69900350746838E-09,-0.054728810117028,0.107324070203825,-0.155365801443023,0.19690778229369,-0.226949449977353,0.247016162558534,-0.257533852460278,0.253516025593159,0.238382039233448,-0.213620318905578,-0.181340476711074,0.143448571885728,0.102168119800551,-0.059923789169437,0.018931300839905,0.0190765428182,-0.052538962366175,0.080800489892587,-0.102430979111164,0.117620817270662,-0.126331825712088,0.128732598389624,0.125103508880475,0.116188632531431,-0.102895302573025,-0.086149569683724,-0.066859768029068,0.046033098668308,0.024339685410613,0.003104357460315,-0.017041073616183,-0.035330323655785,-0.051107574576407,-0.063886591721751,-0.073330421074521,-0.079191410026358,-0.081316938864184,0.079713290816143,0.074542137533094,0.066016795953656,0.054482837535009,0.040262611880026,0.023777332578698,0.005481958440187,-0.014185304703089,-0.034823259260325,-0.056050955028078,-0.079165214387909,0.09870174621539,-0.004010190500859
-5.95975122849346E-17,-8.23077684965082E-22,0.190658828359131,1.68509736390879E-09,0.076211477197596,-0.147004986750836,0.206963139265864,-0.252035961294797,0.275252571454987,-0.279188409755167,0.265327298789862,-0.230639619181927,-0.181918805038096,0.124025239764938,0.062253815802207,-0.001588222320088,0.053323523297028,-0.098721640592971,0.132113819375619,-0.152149654558172,0.158219483449261,-0.15252698515697,0.134841824598477,-0.108735389871745,0.07673252242323,-0.041544366963592,-0.005917172418686,0.027507535935623,-0.056531499121833,-0.079500696388472,-0.095265106916361,0.103304878382913,0.103038033707608,0.095832276616721,0.082211566096392,0.06347217777087,0.041207249200365,0.01717731733908,-0.006880843354567,-0.02933248148097,-0.04868437950569,0.063690012204226,0.073445057935762,0.077375769378303,0.075301465779726,0.067293406715213,0.053786223192239,0.035495197494352,0.013303605373704,-0.011831176500715,-0.038907487330402,-0.068794168711827,0.095701848019833,-0.001748270959953
3.15024306361374E-17,-7.17861845341667E-22,-0.113101403201354,-9.03841809318435E-10,-0.097379965709945,0.184199023425628,-0.250686003302685,0.290223516007716,-0.294840677471854,0.269794279738821,-0.21986693615665,0.147908533355708,0.066313894774193,0.014833753807807,0.086443592821765,-0.141177543355647,-0.174208245601905,0.183889626756326,-0.171596480619608,0.140808805155626,-0.096488535762641,0.045700891445994,0.006250283588212,-0.053003312872831,0.090048609897528,-0.114207079648991,-0.123756847389558,-0.118873214570288,0.101281032552018,0.073824551038399,0.040076454286026,-0.00406180048438,0.030334073975622,0.05950748911052,0.080732522698787,0.092182868509885,0.093167061909308,0.084179539534649,0.066689251936343,0.042896120974529,0.015546149182144,0.01231839295442,0.037707203415594,0.057997733238305,0.07113458481079,0.075733831731833,0.071249138023625,0.057973460710386,0.036903292382467,0.009544886618857,-0.022235518645184,-0.058492133400488,0.092699835932047,0.00051364858126
-1.62440668456554E-17,1.10316324136451E-21,0.067121986847431,2.07380247357971E-10,0.118161643861522,-0.218304584474894,0.284908355907552,-0.308947163762679,0.283714794193977,-0.220273728526367,0.13031160709944,-0.026816741647092,0.070839056517327,-0.14780701878189,-0.19405995381682,0.204966748035819,0.181999332777432,-0.132182739421949,0.066176427729493,0.004178111112759,-0.067332755591474,0.11462188924621,-0.139300959414769,0.140237644950739,-0.11931767234361,0.081466974320761,0.03373604237965,-0.015738888822273,0.059290451666129,0.09082228732164,0.106427939985571,-0.104895183150187,-0.08697202762766,-0.05714634653583,-0.020148235325181,0.018085402817524,0.051746237873883,0.076058537402489,0.087902455069769,0.086081659088991,0.071411827420349,-0.046599943479012,-0.015771602546206,0.016265812536652,0.044621598031896,0.06502860997458,0.0743794511597,0.071131044530304,0.055381648296786,0.028684254111561,-0.006242712212027,-0.048292824467792,0.089694903720122,0.002775568122699
8.02011374871323E-18,-2.77204908048459E-22,-0.039846688718672,2.83336496361758E-10,-0.138454134185411,0.248714689091994,-0.30829072001421,0.306910376455064,-0.243003349743997,0.137976364844749,-0.014622312787294,-0.101216634916368,-0.184954533335411,0.222081271242106,0.209423795581381,-0.154075166453522,-0.071628461661175,-0.017913872840067,0.095121039607029,-0.145191249844549,0.15990313264937,-0.140762966855933,0.093114185607771,-0.03034132759395,-0.033623751429491,0.085729386365339,0.1161725345191,0.120429254400108,-0.099659870311219,-0.059876209498898,-0.010356451262899,-0.038282683074539,-0.076157412421481,-0.096517319449277,-0.096133655310495,-0.076160472789288,-0.041622842898535,-0.000198624583113,0.039526068102556,0.069721088496518,0.084729834297246,-0.082141007476256,-0.063168637271378,-0.032169006196771,0.004196794432821,0.038406299236433,0.063417971236351,0.074033613124239,0.067749837223431,0.044988442081759,0.008848645312757,-0.038234882434017,0.086686319191122,0.005037487664275
-3.79930237392377E-18,-4.82589100542605E-23,0.023659660272825,-6.32165627955307E-10,0.158137254772176,-0.274851025452477,0.319867820450828,-0.284179499789728,0.176902178910772,-0.035128665745978,-0.103983576241096,0.202951016875517,0.238912872610873,-0.208134127954911,-0.125208851057412,0.016965474377489,-0.085244668114458,0.154660716710168,-0.176069573926089,0.148373153001036,-0.083267027015097,0.002118432913463,0.072881677167537,-0.122202469473747,0.13521298535532,-0.11142763920794,-0.059842237347315,0.003825608706514,-0.062018175571823,-0.100021844879664,-0.109322615404886,0.089439138863443,0.046833437373764,-0.005405252857599,-0.05354075663968,-0.085246260385635,-0.093088019525731,-0.076221832939617,-0.040156415368114,0.005006010917165,0.047244600984114,-0.075742014277568,-0.08365398655884,-0.069638219010858,-0.038067307500819,0.002353922589253,0.040730856542297,0.066797520273107,0.073387716310639,0.05792883676039,0.022812037225364,-0.028361001596164,0.083673415788958,0.007299407205893
1.79568147022387E-18,6.34082887809297E-23,-0.014047118478475,1.13926222450926E-09,-0.177084171092078,0.296196125217637,-0.319119908023564,0.242223896540765,-0.092284679904151,-0.072944050184052,0.201664345075683,-0.251943116386422,-0.215139871385844,0.111486429167849,-0.018549013707486,0.129629686464714,0.186743442237296,-0.17624189105937,0.108293983688163,-0.010697493370763,-0.081485859277656,0.139005538890639,-0.145090933521871,0.102948977805472,-0.030296108422513,-0.046797350015186,-0.102729252649953,-0.120802632920358,0.09794928345725,0.044493986677741,-0.020192436354433,0.074402034250559,0.100836595843946,0.093001167471972,0.055075397024522,0.000962051905364,-0.050902392967417,-0.083780180736687,-0.087902587662677,-0.063128270660534,-0.018585373781752,-0.030551154665744,-0.068199169164101,-0.082573202135903,-0.069772093274304,-0.034717547607458,0.010499347739723,0.050635450907761,0.072127882018137,0.06708729439956,0.035426520634268,-0.018717071277689,0.080655546693063,0.009561326747456
-8.68800780102746E-19,8.37358101653966E-23,0.008334952414709,-2.13194476663307E-09,0.195096817017791,-0.31220533090794,0.305915138277544,-0.183802945026401,-0.00195145132051,0.169980793168547,-0.258616031454717,0.235339972794398,0.12134154954981,0.029377910115692,0.153323017366502,-0.203496439050419,-0.166852394119279,0.066597537035647,0.050851222566524,-0.136978856114026,0.159868732732773,-0.117323829823652,0.030626427412716,0.060924913321763,-0.120756581063082,0.127675875665414,0.082884699939603,0.008155762767122,0.064614302717652,0.106759252789757,0.103610946137861,-0.05937425968678,0.006287510954824,0.065623623933682,0.095701761368392,0.086055786916582,0.042482761639793,-0.016087695320175,-0.065790193904025,-0.087313052361973,-0.073178616737698,0.030276513907649,-0.023382432932551,-0.066242475858384,-0.081662515452861,-0.064287251396878,-0.021929694951375,0.027750415053042,0.064294248371963,0.072188366654923,0.046485795166308,-0.009351333194423,0.077632071367059,0.011823246288872
3.97500116853397E-19,-7.09936903516411E-23,-0.004946635045262,3.86219360363625E-09,-0.212669208088674,0.323493042124495,-0.28157011278153,0.113242476040103,0.096144124538645,-0.242159360603339,0.264195080451549,-0.158041247295401,0.011837114003673,-0.158833481966295,-0.215653086934917,0.163928117216372,0.038860549670527,0.092662860631776,-0.16732422370871,0.15500724865012,-0.069402776356247,-0.04156772054593,0.123323251694042,-0.13938773571964,0.087671660638658,0.001968726828386,0.084036879056913,0.120071571141903,-0.09634515406105,-0.028267793215393,0.049015306429841,-0.098348380856206,-0.097574474688048,-0.050563703191044,0.018197570764267,0.074886553393781,0.093121095409396,0.066078460510095,0.008623473238998,-0.050731866213837,-0.083695238336821,0.075518437305825,0.031494005422962,-0.02639170031671,-0.070236208386381,-0.079594262430451,-0.050911814631854,0.00109672105384,0.050694407005219,0.073122250236186,0.055806414152085,-0.000313559592025,0.074602386201622,0.014085165830055
-1.56240600768336E-19,2.2956039837185E-23,0.002934283770655,-6.61783839207668E-09,0.229276381967787,-0.329172449353126,0.246392968521478,-0.035024432750265,-0.180258449207018,0.278168592743856,-0.216622615370259,0.03965778300611,-0.141153102501036,0.22511935871025,0.17533393872507,-0.032537421374896,0.114381294562958,-0.182874761827976,0.142371975572445,-0.025795689384337,-0.094547684276893,0.151773159775381,-0.118513959508696,0.021821150938243,0.079361869714796,-0.128377232732698,-0.101739559816128,-0.019980711766781,-0.067301960141324,-0.111133732957805,-0.089927569606574,0.019649078767438,-0.057741433036719,-0.098422315858052,-0.081773536611789,-0.020013581404579,0.050082767740479,0.088923048009609,0.076206112998469,0.021147901886042,-0.043827840710364,0.081946328813887,0.072755399024125,0.022821710114983,-0.038724114187448,-0.07712995563572,-0.071436866287952,-0.025959445060656,0.032567671148439,0.069957656849993,0.063234983833022,0.008345744680881,0.071565949206633,0.016347085370918
5.17927100639398E-20,-2.03620729426491E-23,-0.001741931453296,1.10269315975293E-08,-0.245190717578395,0.3296420757788,-0.202102736069591,-0.045522625916768,0.245776118436966,-0.273068896513115,0.125797364269509,0.088993935870738,0.224755022632485,-0.202249070193357,-0.051830019874291,-0.117047471431853,-0.193483884110816,0.13712647771502,0.002695693961437,-0.127894198001215,0.158548346484949,-0.084435023258295,-0.038700832301353,0.126412734812253,-0.125260337375193,0.042984454329715,-0.061116386652311,-0.11808951302579,0.094539219869755,0.011241647054043,-0.074105226149688,0.10628256660183,0.067159081099037,-0.013206826998883,-0.08087898019785,-0.092545958312581,-0.043348154727377,0.031916173021361,0.083265131326361,0.078330498971031,0.02242561899675,0.046262518267132,0.08259507809809,0.063893994724314,0.003861288021029,-0.057404923805503,-0.079961417497426,-0.050036897813786,0.011493303124835,0.062943970444908,0.068654174742437,0.016576114205786,0.068522267218622,0.018609004911379
-1.8541130923433E-20,1.84197671459349E-24,0.001034391332574,-1.83138299638634E-08,0.260004894995113,-0.324420221727561,0.150062426917362,0.122978266977889,-0.285558741729611,0.227223644904803,-0.009694294216919,-0.194508857095513,-0.23521638910232,0.098992947053898,-0.096331247538607,0.20109425200411,0.146878660953637,0.010767811031957,-0.145499779318519,0.160141311196108,-0.054712409965738,-0.081802299463613,0.146125683798825,-0.096902542687558,-0.020194502603822,0.113395717586183,0.115471854854872,0.031623706795782,0.069935152727939,0.11288405420222,0.069219275112085,0.023296508581693,0.093166085082054,0.089870196437103,0.019759299109403,-0.061636034843418,-0.093184280115228,-0.053748486421669,0.024200136989227,0.081051746335996,0.075189577719611,-0.013192315934988,0.056772260898921,0.082213379345343,0.045318754701127,-0.024825179561069,-0.074999438829578,-0.06814191879704,-0.01073106297538,0.052503536447725,0.071987556973553,0.024327861606131,0.065470877048424,0.020870924451358
8.79278900194835E-21,1.21895171811245E-24,-0.000614354320596,3.06276610393759E-08,-0.273498992759589,0.313428770292928,-0.092234590698291,-0.191992123030848,0.295291591931342,-0.147427737733276,-0.108254165016536,0.249338036522689,0.169085413937554,0.043531416125207,0.198533920931713,-0.172483799677273,-0.004903579828652,-0.150529877738864,0.165301826943615,-0.040351011021086,-0.106941862854718,0.152175309269111,-0.065484277325304,-0.068786183295664,0.13473044699008,-0.082566343752443,0.035155961072534,0.114908932188474,-0.092578770103351,0.00610849177451,0.09341293296983,-0.096841419639931,-0.01803677844171,0.071446718059619,0.096007456412326,0.038164204740564,-0.049282827991091,-0.091144432076498,-0.054076484707785,0.027414339413798,0.082705016960095,-0.06586761247533,0.006437854547878,0.071261566570426,0.073763570766456,0.013305736879574,-0.057365939004301,-0.07802601264705,-0.032230988310976,0.039214270285949,0.073203097049981,0.031552778177192,0.062411356251126,0.02313284399078
-6.98397638466471E-21,-3.85221553761723E-24,0.000364811686106,-5.15996308999193E-08,0.285845618438288,-0.29708738036159,0.030830687938282,0.248148649854298,-0.274201526639052,0.045594587169891,0.204580565545275,-0.23950218193174,-0.047922616080648,-0.168896024041388,-0.206432517838377,0.047323097474016,-0.140375296166274,0.178331561434225,-0.045499130418059,-0.117835557377699,0.155538926532895,-0.044431064741782,-0.099477376249575,0.137866963710241,-0.043553081653038,-0.084567201924504,-0.123433769739252,-0.043031260612859,-0.072474203624512,-0.111980734660181,-0.043158799238391,-0.062393191277333,-0.102686949048138,-0.043582573472023,0.053831010189715,0.095300811612306,0.044203502838441,-0.046693140398694,-0.089400352597372,-0.045288687687739,0.040445888751016,-0.084699757316085,-0.04667718463495,0.034938113841478,0.08104068436204,0.048431393803756,-0.030034405230644,-0.078455486314792,-0.051204541128013,0.023783885503126,0.072315337721998,0.038204794737617,0.059343343957159,0.02539476352957
5.52602228937437E-21,2.22579402821392E-24,-0.000216705957751,8.70592206922737E-08,-0.296785828323263,0.275520060243935,0.031701392666372,-0.287400122421332,0.224360001098523,0.062944064131334,-0.259645570903759,0.167425374793616,-0.088711379140454,0.227017453131136,0.116140722484223,0.104206073012279,0.194362804340098,-0.073348624221513,-0.11262578704282,0.164055516590901,-0.03954298673543,-0.115239467964667,0.136354171810174,-0.013141003310131,-0.114070468205724,0.112063638770904,-0.00741686182798,-0.110607216888345,0.090559022941799,-0.02330846464368,-0.105440822133281,0.071629177095705,-0.036083053132326,-0.099679405975327,-0.05473340264583,0.045892373614777,0.09321606142319,0.039683664848114,-0.05371483240506,-0.086494899702976,-0.026153809445036,-0.060012962808133,-0.07963895409348,-0.013824538847336,0.065065595176818,0.072666311338136,0.002370153328303,-0.069358597004122,-0.066066693953461,0.007017070026192,0.069386202693289,0.044240597138286,0.056266536673798,0.027656683067659
-3.7264656232163E-21,-1.96241407557915E-25,0.000128626322073,-1.4691567468573E-07,0.306367088112866,-0.2491287629619,-0.093085136546072,0.307238652367734,-0.150947485376855,-0.162203627791662,0.262539506706721,-0.051749317969699,0.196612425239506,-0.194946947898523,0.029503324155941,-0.197524689400464,-0.122115473533008,-0.086359897007357,0.17572031154273,-0.054523236993448,-0.118397218681438,0.140076968981081,0.002241486217209,-0.130140912284107,0.097546554742948,0.045421570568832,0.125164644798998,0.054010619668342,0.07497203973727,0.108445644160248,0.013729254739082,0.091333422165423,0.083697362633988,-0.021012450092549,-0.095803284475111,-0.054836915392691,0.048453821168257,0.090436321933606,0.024640657610217,-0.067552112096318,-0.077018157466235,-0.004490183870063,-0.078217227977398,-0.057667940914626,0.030422719325378,0.080569863049724,0.034358455693781,-0.051831697756767,-0.075576839026632,-0.010222717604432,0.064524422839113,0.049620192535372,0.053180672813774,0.029918602604978
2.15777979161413E-21,-1.52893318604064E-25,-7.63031460508849E-05,2.47669553242292E-07,-0.31460249002595,0.218448818459738,0.150912265116122,-0.306343122310052,0.061733404697012,0.237282719120241,-0.212666175788821,-0.077384193974204,-0.240555238570728,0.085396477397155,-0.161121346934623,0.180252878260456,-0.029470090430653,0.181748072232637,-0.090342837218965,-0.106784450920388,0.151004226156779,-0.000874208857758,-0.1379457350577,0.090418785115623,0.067984218661817,-0.127910777982503,-0.020655556338245,0.105279977493644,-0.088471297142972,0.040007176890951,0.109274084670596,-0.034717308102053,0.080219404425179,0.086051120107241,-0.018732709008573,-0.094270072456373,-0.045041326471738,0.059997007377737,0.083426749616554,-0.001639719949884,-0.081537871589002,0.053338744497133,-0.04302807592292,-0.080984079244366,-0.012948085187096,0.07036924934199,0.06050904186229,-0.028003892872553,-0.078938623318364,-0.02705471339773,0.057883649368176,0.054307422748172,0.050085538717264,0.032180522141464
-1.19371371238065E-21,7.60855662997591E-27,4.53091377981651E-05,-4.17280957317352E-07,0.321754870259095,-0.184250629073183,-0.203062528271502,0.285081624737024,0.033809042226778,-0.277164572079285,0.12031584276256,0.186410511361667,0.206478317522407,0.057919282782643,0.216199303912737,-0.062291788533467,0.161856654706371,-0.141947218537035,-0.071202868022929,0.166745847132374,-0.023951873599837,-0.139287560926108,0.096219432147512,0.076311878121026,-0.129689798702128,-0.00063943393967,-0.120473695099379,-0.064456562774818,-0.07733592249235,-0.102288868755783,0.016756456933711,-0.105322068208953,-0.041423426358848,0.076758667400675,0.081432421575004,-0.028304064676999,-0.09321326640193,-0.02431351452098,0.075944098962882,0.065408181423984,-0.036986716191344,0.083759783765529,0.010737606104118,-0.075470361105889,-0.052604551000618,0.044356787881314,0.076388739776422,-0.000775633162329,-0.075863632311869,-0.042623516308136,0.049659290532852,0.058270419583038,0.046980984060111,0.034442441677056
6.81761614631352E-22,-1.32191061386097E-26,-2.68797417555473E-05,7.02639038419934E-07,-0.327345363270994,0.146774575055818,0.247367929513515,-0.244427571039114,-0.12586075154712,0.275593626613508,-0.003665507234551,-0.246985467123643,-0.105099307252056,-0.178273571129068,-0.168350131919282,-0.090643464418625,-0.189084552068242,-0.003665104572445,0.172636703687273,-0.068320310432111,-0.128521219324319,0.116343364377911,0.06940229741951,-0.135775370863899,-0.006726421279033,0.12817281334122,0.04769890367963,-0.098946637572711,0.08635496883794,-0.05574989214441,-0.104607856272061,-0.007821547819739,-0.102066096682834,-0.036302863395299,0.081165630242576,0.069307978671432,-0.04761577971362,-0.086794291257323,0.008141377712404,0.086970218508125,0.029823955183077,0.071145244077294,0.059867261266673,-0.043089935932519,-0.077170828082323,0.008377362578574,0.079306082560246,0.026535668917086,-0.066594275131307,-0.056140775694945,0.040084239800274,0.061482005532426,0.043866916886241,0.036704361211697
-3.86164099091553E-22,1.66336066424501E-26,1.59618595312775E-05,-1.18361537886925E-06,0.331853598918654,-0.106954492170947,-0.282449059633359,0.187571278163397,0.204850676892799,-0.233238358536283,-0.113665846228889,0.243672435512858,-0.03029966142533,0.227953730959471,0.040649461464145,0.192884781070819,0.093710622786777,0.146496458573583,-0.128400756734366,-0.094855636682647,0.1450695180025,0.042683482535796,-0.145733465503124,0.004475419689482,0.132839186632679,-0.044225681493327,0.109703925894619,0.074279030730066,0.079648217119454,0.093732472055888,-0.045935226194388,0.102156949204696,-0.012347436135595,-0.100275419853827,-0.019224190083385,0.089426337707042,0.045887938159498,-0.071332427313415,-0.066129439548358,0.04804689939668,0.078686280941535,0.021974419856346,0.083148164994669,0.004630852326454,-0.079599104026664,-0.029485292484369,0.068767486770877,0.050600955408889,-0.051882924712873,-0.06692368856572,0.029423544583512,0.063920028210689,0.040743291187541,0.038966280745334
2.05166641307293E-22,2.9700300632255E-26,-9.47586238047628E-06,1.99305428003084E-06,-0.334783404301408,0.065247155365214,0.306613448011347,-0.11797445960242,-0.262363237440282,0.156002546328605,0.208148263676331,-0.17697844389898,0.155873278592121,-0.186988334350212,0.106443997772903,-0.187112788395146,0.062603987585753,-0.18023047349086,-0.024373476284982,0.167996088683133,-0.008027618480777,-0.151779592734049,0.034483501394883,0.133171290637585,-0.056051083270343,-0.112775949730576,-0.07234187465505,0.091652343528888,-0.084183497995992,0.07018998282773,0.09179555494081,0.049097967967811,0.095578608104101,-0.028702247327508,-0.095921309209339,0.009576996504419,0.093243551134374,0.00817920466284,-0.087885982065017,-0.024289990305304,0.080200017170801,-0.038488181005501,0.070531680027267,0.050704163300568,-0.059193984702948,-0.060724716851369,0.046562061422116,0.068486284248495,-0.032929736069613,-0.074428508843103,0.017968217462455,0.065567633698632,0.037610113351414,0.041228200277919
-1.11591834512232E-22,1.06730553067369E-26,5.62284822939979E-06,-3.35527893731302E-06,0.336115474918582,-0.022405986345174,-0.318910408998603,0.040395108957949,0.292329569010612,-0.05547383579672,-0.260708437250072,0.064286871786834,-0.230658203095637,0.071692604038291,-0.202832537458174,0.076564736488433,-0.178184906405628,0.079717732819188,0.156494271541617,-0.081598113429352,-0.137453244719257,0.083125247827305,0.121094421178785,-0.083549977565886,-0.106305706873192,0.083581434515486,-0.093429333253367,-0.08329322991076,-0.081945193469706,-0.082906681969434,0.071576705928585,-0.08229881356745,0.062731489246113,0.081649923764415,-0.054319017881139,-0.080964566107695,0.04680797472934,0.080338859469061,-0.039846392706264,-0.07973205710424,0.033454047036297,-0.079175124207572,0.0274653954247,0.078727482953249,-0.021809247329137,-0.078321994106,0.016457480958607,0.078010699530105,-0.011283595632634,-0.07827716271371,0.006028328786354,0.066413469460985,0.034467451601343,0.043490119809407
6.04617328987979E-23,5.40883344841538E-27,-3.33786679201938E-06,5.65430795556391E-06,-0.336330634622892,-0.020817310554743,0.319333933943428,0.039904707511333,-0.29204761666368,-0.053317301891351,0.261176982730018,0.065088185824513,0.230681912687166,0.072069972784156,0.202987959929026,0.076818222380657,0.178240192808944,0.080129122701018,-0.156599960060058,-0.082239624576476,0.13761905296605,0.082821121778629,-0.120966540933299,-0.083499205728852,0.106405511768741,0.083542231809199,0.093405892609177,-0.083391088727527,0.081991145016168,-0.082905744388933,-0.071837608494532,-0.082311056154157,-0.062536206349662,0.081606059854736,0.054292233173643,-0.080980472780805,-0.04672092479573,0.080352407920477,0.039843357364695,-0.079722380828218,-0.033425107391291,-0.079180072621018,-0.027459140973906,0.078723638159738,0.021831692233,-0.078322936554354,-0.016439141353164,0.078012544857908,0.011285325283469,-0.078275831752592,-0.006074409538373,0.066451822242248,0.031315426761537,0.045752039339757
-3.23634414661372E-23,-4.59865848515049E-27,1.98095958281744E-06,-9.51959974421401E-06,0.334898481716253,0.063642267412155,-0.307365043892328,-0.117437259126854,0.261087781863534,0.154059718162905,-0.209051488288553,-0.177446526673403,-0.155580883671244,-0.1870804741308,-0.106530952157339,-0.187086310550389,-0.062476348809063,-0.180200745680835,0.024388061437965,0.167902177298452,0.007878049723866,-0.151716923418466,-0.03483814870338,0.133092048842703,0.056006949401329,-0.1127177588491,0.072445103599325,0.091496948599162,0.084189706290377,0.070139632174487,-0.091639628628877,0.049043662661937,-0.095689161437315,-0.02874950843078,0.095936331781915,0.009531461060941,-0.093247291088922,0.008216556032978,0.087885869009434,-0.024272228064301,-0.080188136788413,-0.038502546807029,-0.070527751165456,0.050694821056226,0.059209773110715,-0.060727611377506,-0.046546869122422,0.06849167948684,0.03293097689251,-0.074424559390362,-0.018014366560276,0.065682689669374,0.028154203596659,0.048013958868933
1.66470098276297E-23,-2.17441755742368E-28,-1.17589354055521E-06,1.60431101198253E-05,-0.33229825953233,-0.105464679473339,0.283885985002707,0.187209744388002,-0.203028406518652,-0.232035976250836,0.115055830653849,0.243944648370601,0.029943056067648,0.227981814378962,-0.040580053267711,0.192834083288332,-0.093896870804818,0.146263000023113,0.128485433165879,-0.09430069304699,-0.145116037301122,0.043090315835275,0.145896751224268,0.004347313557437,-0.132965741831813,-0.044111107109383,-0.109754883224264,0.074323039129634,-0.079743907509366,0.093677839549937,0.046284281313156,0.102120388996593,0.012130347060778,-0.100249403019097,0.019235252667466,0.089398319635852,-0.045960357476401,-0.071305714220784,0.066121323200632,0.048062825734569,-0.078692900994723,0.021960194963029,-0.083145790610079,0.004618013927225,0.07960283217637,-0.029488903979755,-0.068757900056434,0.050609098930411,0.051883201637555,-0.066917184717008,-0.029469828701787,0.064111778366917,0.024983998450789,0.050275878396907
-7.03103520670074E-24,1.31791941200052E-27,6.98109598629269E-07,-2.70229239770197E-05,0.328245209160479,0.145469381871845,-0.249539009527977,-0.244341822612544,0.123747835926131,0.275400188582037,0.002047890430021,-0.247073742358037,0.105423702260401,-0.178285374089788,0.168378540490747,-0.090621207347335,0.18926577764546,-0.003389268702758,-0.172798621938821,-0.06885188945115,0.128742421474803,0.116002650359383,-0.069164240165734,-0.135679977545326,0.006805301582555,0.128122067086851,-0.04783160111339,-0.098823693536663,-0.086408924731378,-0.055716869533439,0.104588982662062,-0.00777705223777,0.102090759226159,-0.036250552558403,-0.081189219711303,0.069341531588562,0.047555462946344,-0.086812369092572,-0.008153346402883,0.086979701190867,-0.029845395879855,0.071141695338676,-0.059868353352324,-0.043102883139791,0.077162000682664,0.008374114210728,-0.079304044855162,0.026545605724526,0.066593260543679,-0.056131873259463,-0.040130728652643,0.061750436610975,0.021805080892777,0.052537797923653
4.13590306276514E-25,-1.11908182733116E-27,-4.14758119079388E-07,4.54824619922669E-05,-0.322698334354801,-0.182903907069589,0.205638181716527,0.284896107055922,-0.031609074239242,-0.277643389243803,-0.118612162968467,0.186053169165993,-0.206375137777279,0.057841003816041,-0.216017322468592,-0.062190450126434,-0.161695042368786,-0.141882786666872,0.071197862249392,0.166547143005592,0.023788030491753,-0.139242053702273,-0.096474533715511,0.076278418787493,0.129669866054309,-0.000699332670181,0.120453194288615,-0.06449972376268,0.077358615278038,-0.102191858308971,-0.017072872673292,-0.105227584325586,0.041665861328775,0.076735678864044,-0.081459995952013,-0.028227298964322,0.09321933803756,-0.024369917686116,-0.075944194349235,0.065408535684665,0.036959088324797,0.083769697901187,-0.010743933093525,-0.075478731043344,0.052586554325061,0.044354422884811,-0.0763949126229,-0.000764941998762,0.075861079897532,-0.042612430450067,-0.049706051168873,0.058615513372513,0.01861776102553,0.054799717449149
5.79026428787119E-24,1.38340287526264E-28,2.46210513896075E-07,-7.65750596751244E-05,0.315560755613028,0.217141190767404,-0.153705587803865,-0.306124735870804,-0.06394942095789,0.238345253759178,0.211404903218872,-0.076554797830116,0.240197395544946,0.085733147774744,0.160853483146208,0.180302581033078,0.028994529295265,0.181558775017726,0.090667063616465,-0.106116299007335,-0.151247133432899,-0.000596969601358,0.13802698018184,0.090433189312826,-0.068121638257798,-0.127944024957293,0.020790589519258,0.105241886524439,0.088561983430291,0.040029881428948,-0.109386866071846,-0.034715682938976,-0.080147191478433,0.08599192059227,0.018749716671801,-0.094245807909396,0.045103834572193,0.059958892323496,-0.083415048243111,-0.001651096549388,0.081521281536893,0.053356327137294,0.043019547010874,-0.080984713722245,0.012925964719254,0.070368239188678,-0.060522417742729,-0.027993637305,0.078934349658942,-0.027041674354678,-0.057930744602548,0.054729155455191,0.015422386353897,0.057061636973378
-1.15805285757424E-23,1.28505598007384E-28,-1.46274154211442E-07,0.000128904202141,-0.307110597930681,-0.247662890785915,0.095971965862942,0.306762824605786,0.152750203147162,-0.163627088788979,-0.261718988561262,-0.052690517664236,-0.195982901342479,-0.195164237014161,-0.029333144448736,-0.197508029348127,0.122408241019048,-0.086143366449167,-0.175889714419581,-0.054931265953697,0.118676358532517,0.139645166977121,-0.002046964481385,-0.129986674110323,-0.097379279612824,0.04543922323354,-0.125076841828381,0.054040430780655,-0.074928810641812,0.108301868044948,-0.013460041699407,0.091195448305308,-0.083886433211025,-0.021008023353592,0.095822589578547,-0.054891840554038,-0.048385444084031,0.090443207868054,-0.024628827972143,-0.067561953295704,0.077020752290627,-0.004472407230971,0.078208551641818,-0.057660486582837,-0.030442051539152,0.080570126213951,-0.034376888335282,-0.05182290692908,0.075570770384982,-0.010207980690604,-0.064571912332586,0.050118535569624,0.012219347719142,0.059323556496328
1.98523347012727E-23,-8.57930160516E-29,8.68220390909378E-08,-0.000217027160835,0.297111851104753,0.273803309279258,-0.034447138306513,-0.286512822158348,-0.225565188876388,0.064340081266151,0.259330449432236,0.168332683458129,0.08786611218352,0.227028956586065,-0.116263304046435,0.104056817825538,-0.194354116191939,-0.073537883135749,0.112500139516515,0.163912194819224,0.039575317839277,-0.115215185005174,-0.136654481905834,-0.013244652236015,0.114202207098476,0.112134676189188,0.007297964698773,-0.110632888758291,-0.090658210276011,-0.023396626584461,0.105665081473771,0.071562125904787,0.035944733091988,-0.09963222651185,0.054717095753799,0.045838936068713,-0.093213531298102,0.039718888488919,0.053725636332928,-0.086495183883057,0.026168798924869,-0.060006420936151,0.079632602378356,-0.013810065966701,-0.065076757547652,0.072667243851319,-0.002390329269573,-0.069352121779606,0.06605881995264,0.00703326335658,-0.069434142240145,0.044815516933134,0.009009071890127,0.061585476017992
-4.30133918527574E-23,1.97939098458615E-29,-5.14952437248708E-08,0.000365492144795,-0.285779257448894,-0.295218472381124,-0.028413228015296,0.246896429802373,0.274778267005738,0.044563834348228,-0.204798299131589,-0.240241919089635,0.048851420156677,-0.168653614341618,0.206544182742537,0.047657517456866,0.140024713958247,0.178432894958943,0.045935281006895,-0.117230135572944,-0.155912449937268,-0.044124776245499,0.099452271547194,0.137825056300756,0.043411355898619,-0.084571842324017,0.12341338124022,-0.043127064007647,0.072401534513263,-0.111882903454678,0.043000612668109,-0.062267414196143,0.102827221810473,-0.04358623663057,-0.053856913014732,0.095324571631751,-0.04428504766129,-0.04666012456245,0.089410456695853,-0.045286023886906,-0.040427883694605,-0.08471160037088,0.046678171109139,0.034954649324203,-0.081041386801497,0.048433138228463,0.030015938505524,-0.078452046971549,0.051195065604784,0.023801309067758,-0.072363791638276,0.03885625462809,0.005792010005719,0.063847395538372
8.60267837055149E-23,-1.21954167655663E-30,3.056475844619E-08,-0.000615999969253,0.273576405443753,0.311953309805075,0.090214815519334,-0.190955818041798,-0.295616082341479,-0.146866873408897,0.109392469157399,0.250061032451325,-0.16972481298603,0.043492435938692,-0.198841377529409,-0.172736904950075,0.005075304482264,-0.150662298348388,-0.165606386879646,-0.040614504171212,0.1074061863701,0.151837665502363,0.06563136670459,-0.068763243109868,-0.134753471305328,-0.082516246756411,-0.035105552993057,0.114917688366061,0.092599373584652,0.006257582651897,-0.093665832741539,-0.096679613335286,0.018224206210027,0.071388324391605,-0.095988966382852,0.038227738619245,0.049194245824159,-0.091133832049584,0.054074322771716,0.027415448225005,-0.082691348011439,-0.065890826442774,-0.006428901634633,0.071273071695786,-0.073753070033893,0.013307847974291,0.057352121623695,-0.078025687239731,0.032220136620619,0.039232721778582,-0.073252121345838,0.032280737333986,0.002568639530661,0.066109315057478
-1.32348898008484E-22,-1.14647272470821E-29,-1.81362591314471E-08,0.001037700398594,-0.260126274214129,-0.323273102609833,-0.148543843017083,0.122091450944881,0.28547490163285,0.227233854968115,0.008024129435651,-0.194861843801313,0.235339410691696,0.09896499618731,0.096496301480154,0.201061233352471,-0.146877969595138,0.010642591653329,0.145319601469246,0.159884468946583,0.054811292190551,-0.081720337404471,-0.146233196540903,-0.096994319647534,0.020247363042971,0.113378947093276,-0.115537296705396,0.031795122365793,-0.069842798062571,0.112845865399517,-0.069179904463037,0.023215700711453,-0.09321991797105,0.0898598262654,-0.019733297650793,-0.061604649603083,0.093186038421208,-0.053776594151577,-0.024210819488793,0.081051702990584,-0.075190275441833,-0.01321606687792,-0.056758832840074,0.082215586128904,-0.045299775418453,-0.024823480795212,0.074992643386031,-0.068144400989354,0.010719087945356,0.052522882291017,-0.072037210993214,0.025132275933146,-0.000660536655988,0.068371234575325
2.11758236813575E-22,-2.98359553722121E-30,1.077605530389E-08,-0.001749212635684,0.245879137656562,0.329469161352004,0.201385576118977,-0.045142321380832,-0.245853905732977,-0.274020111123136,-0.123852424898304,0.089294903329806,-0.224707793694254,-0.202239221017885,0.051637681664326,-0.117080125809591,0.19346438445096,0.137302488969365,-0.00243336749966,-0.127535937787676,-0.159087311878252,-0.084001692185786,0.038789633622986,0.126481703379972,0.125170809688396,0.04281816554027,0.061141095468818,-0.118085015842115,-0.094480042387399,0.011028478226644,0.074373484294206,0.106051249085414,-0.067333960443522,-0.013172027728127,0.080870356488667,-0.092560562382833,0.04342343385424,0.031876389118814,-0.083268289735933,0.078320582301719,-0.022435889785248,0.046249846118187,-0.082579962041496,0.063883295019861,-0.003837751043662,-0.057404366467056,0.079962458383706,-0.050041226904486,-0.011506191912477,0.062964133636457,-0.068704511172903,0.01745693638195,-0.003895003616574,0.070633154091935
-2.64697796016969E-22,-2.32576809477359E-30,-6.41479785338368E-09,0.002946323472041,-0.230532704621434,-0.329971776846038,-0.246482666991094,-0.034843285928123,0.180504889516695,0.279908353239843,0.214767376268975,0.039465587844999,0.140955246258664,0.225125190625878,-0.175203572360499,-0.032463515060741,-0.114352947274117,-0.182985563495706,-0.142525699586271,-0.025939772083784,0.094962398409659,0.151372295787662,0.118607629786112,0.021895086527575,-0.079393498783622,-0.128353175056521,0.101844432955396,-0.020162564875265,0.067238485503013,-0.111169691129055,0.089989978663809,0.019635166460152,0.05772461573964,-0.098412315542144,0.081750518299232,-0.020052254408213,-0.050021931953077,0.088916016001338,-0.076199811155932,0.021129651898783,0.043820165102687,0.081953983546905,-0.072744078714103,0.02279892494475,0.038748239326416,-0.077132079569658,0.071445612671399,-0.025964326159835,-0.032581382939858,0.069978684800323,-0.063286064308619,0.009302925281937,-0.00713423981976,0.072895073607337
5.29395592033938E-22,-1.16518558541196E-31,3.8364574631498E-09,-0.004958171709656,0.214046781700019,0.324605164899244,0.281951532901553,0.112384978890528,-0.096246110590212,-0.243917891814132,-0.262356537355751,-0.157850111825005,-0.011380400228692,-0.158487057800183,0.215306864638537,0.163713066013061,-0.0389784113802,0.092377002451264,0.166993909507725,0.154683493055605,0.069599721577919,-0.041508464793014,-0.123309298504928,-0.139408681510892,-0.087583514351431,0.002032794903603,-0.083978032036954,0.120021419988422,0.096285120784209,-0.028107804974197,-0.049209334031667,-0.098088613949059,0.097738905782945,-0.050611735039615,-0.018184872255459,0.074856614623859,-0.093137964408373,0.066117665596405,-0.008616931704393,-0.050747438380763,0.083699771218578,0.075546298366999,-0.031491422662886,-0.026421570428094,0.070257851849758,-0.079601047714584,0.050927274191536,0.001092730600519,-0.05070899075162,0.073144329169984,-0.055858312881449,0.000719928613788,-0.010377715306078,0.075156993121563
-1.05879118406788E-21,1.85205984765837E-30,-2.32326730367433E-09,0.00835051347883,-0.196654564979294,-0.313730822215638,-0.30671828624557,-0.182443627518436,0.001866669593932,0.171579610802445,0.257337298037396,0.23538426064535,-0.122009715905578,0.028856686261638,-0.153090764255476,-0.203467584927365,0.167125767626795,0.067074520169667,-0.050442103864491,-0.136684438523297,-0.160625362872246,-0.117022478742425,-0.030661796745571,0.061004266692986,0.120885368250822,0.127703745322036,-0.082990541814752,0.008265364295983,-0.06464816802175,0.106889654071232,-0.103749205055912,-0.059232894489152,-0.006229765955623,0.065627562575002,-0.095697590220742,0.086075776762133,-0.042551526297083,-0.016054866426166,0.065810101997368,-0.087328935389152,0.073199279111584,0.030309741396317,0.023380671005727,-0.066275974193233,0.081681291183258,-0.064300069220596,0.021949476641431,0.027749039344364,-0.064309925807891,0.072211788467898,-0.046538587802481,-0.008241589536454,-0.013624901844245,0.077418912634652
1.6940658945086E-21,2.40338709220852E-31,1.45588289621315E-09,-0.014051983562093,0.178313749887961,0.297316131252344,0.319557860322426,0.240034363033983,0.092608701531007,-0.073668341576976,-0.20053554213253,-0.251646173760389,0.215556562762672,0.112115062901881,0.018113722012338,0.12929290887222,-0.186618260694851,-0.176449442248418,-0.108612880450833,-0.011036276048476,0.081636971599523,0.138467707933532,0.145084070866195,0.10309249296437,0.030408952270979,-0.046636224338604,0.102575833355723,-0.120788576517678,-0.098022840206776,0.044521068256857,0.020219197425043,0.074151378771675,-0.101004078524166,0.093134514164129,-0.055172958447782,0.001067953573295,0.050836355214851,-0.083805428604624,0.087959797969738,-0.063170494452285,0.018631383695025,-0.030525911728413,0.068202620978259,-0.08261139096747,0.069793071589775,-0.034738617486911,-0.010478005123886,0.050638481477358,-0.072145154650488,0.067112508533745,-0.035480296093235,-0.017531124652538,-0.016875284560614,0.079680832146647
-2.5410988417629E-21,-3.59001573480418E-31,-9.92080072839604E-10,0.023663831748897,-0.159141276939689,-0.275727999042574,-0.320121095377426,-0.28145886860452,-0.177492816718765,-0.03534918036769,0.103346079145935,0.202528741119392,-0.239052414865343,-0.208665054918822,0.125612619063601,0.017344880886115,0.084887916036126,0.154500149751517,0.176034197431622,0.148393866666782,0.083820194528604,0.002212771360277,-0.072856046525261,-0.122341288447816,-0.135343811906399,-0.111461550604558,0.059958194788519,0.003702027111112,0.062007552783228,-0.100096323313781,0.109431004608798,0.089189142857393,-0.047003188532854,-0.005280540963529,0.053420092799999,-0.085148010208882,0.093090164242202,-0.076301497511515,0.040233473443384,0.004942000710846,-0.047187313038699,-0.075736883235184,0.083669231038485,-0.069678411174091,0.038093094403865,0.00232522051898,-0.040711221902969,0.066806126942261,-0.07340683646267,0.057956224783893,-0.022866861644405,-0.027098902855748,-0.020128361764572,0.081942751657599
1.6940658945086E-21,-1.3936041903612E-32,8.04181751076036E-10,-0.039855950529537,0.139271292517259,0.249405184274557,0.30842652103108,0.303902132498361,0.243828462110333,0.139109116615714,0.014622710750429,-0.100798109514748,0.18478054227227,0.222299142177709,-0.209592660694553,-0.154278169785635,0.071993398505462,-0.01747800779826,-0.094721570292213,-0.144833661799844,-0.16054726905006,-0.140297782024181,-0.093144253120844,-0.030439392062481,0.033528261021467,0.085539878807703,-0.116017948817647,0.120417162284331,0.09973910979095,-0.059933013925025,0.010385274877421,-0.038106091133609,0.076211618197883,-0.096553117236707,0.096131747076264,-0.076183239355202,0.041703388248343,-0.0002784972122,-0.03947312290222,0.069667200884406,-0.084690352659859,-0.082160362257679,0.063195463164157,-0.032204488808834,-0.004167804513363,0.038373769134095,-0.063403288327817,0.07404801839977,-0.067770630849741,0.045018236900698,-0.008904551117009,-0.036896679432715,-0.023383650276101,0.084204671167567
-1.6940658945086E-21,1.87796915467699E-31,-8.40715813094591E-10,0.067139309398071,-0.118927939858678,-0.219037939620445,-0.285200141600518,-0.306097079129675,-0.284838439137447,-0.222174912691948,-0.129577708253623,-0.026937762614971,-0.070628276997877,-0.147824350488414,0.194046765008684,0.204923568118605,-0.182090584411534,-0.132456888531825,-0.066456172705842,0.003925508891881,0.06749741709835,0.114201173258986,0.139300708555436,0.14039187241975,0.119421352662085,0.081485909496326,-0.033814955838549,-0.01566392472562,-0.059300365366335,0.09088539810116,-0.106506946837832,-0.104542875654557,0.087138224568845,-0.057267912834525,0.020250937716046,0.017972601513411,-0.051664321310873,0.076039920586425,-0.087903186538666,0.086064379882885,-0.071406968631495,-0.046631827209307,0.015800300647307,0.0162438337118,-0.044594256870391,0.064997778708551,-0.074371966144878,0.071150271112092,-0.055403442776783,0.028716511096724,0.006185726590448,-0.046878560699826,-0.026640699652109,0.086466590676613
3.3881317890172E-21,-6.81653946488645E-32,1.11083329326167E-09,-0.113079904482001,0.097985583516886,0.184769554791363,0.250878422068942,0.287473678803909,0.295932575720533,0.272040729028546,0.218499207586814,0.14774719811085,-0.0666157965457,0.01447489896908,-0.086076241536399,-0.140758380778618,0.173862366543332,0.183756114825243,0.171539604678866,0.140784560698896,0.097074467264128,0.045687613821205,-0.006129907846407,-0.052933045128162,-0.089970214485837,-0.114022468057225,0.123641276996898,-0.118902816967622,-0.101397731665912,0.073923156476393,-0.040149683661546,-0.004107512276711,-0.030298735515523,0.059468646811209,-0.080658357740539,0.092111791146073,-0.09316912059064,0.084238686176739,-0.066740394299163,0.042923696866532,-0.01557559693356,0.012291769583513,-0.037688662545586,0.057995424522512,-0.071115257913111,0.075711064853105,-0.071250216046525,0.057995796996678,-0.036925135925017,0.009579531800538,0.022177482797482,-0.057001848214813,-0.029899096453713,0.088728510184809
6.7762635780344E-21,-5.1385906392328E-33,-1.6914047028178E-09,0.19059491445292,-0.076726759847641,-0.14753890873032,-0.207229869884559,-0.24977210419604,-0.276396758719048,-0.28161442078941,-0.263717325847844,-0.230292769230642,0.182202901599991,0.124547083414253,-0.062684015634302,-0.002005370182562,-0.052914095809947,-0.098414468623879,-0.131872692387954,-0.151935826403726,-0.158957276452892,-0.152076759105287,-0.134877593853553,-0.108861541712204,-0.076795605720214,-0.041553248627228,0.005958762310698,0.027482650121207,0.056567735433831,-0.079561843071749,0.095323686525414,0.102924822115696,-0.103171378025449,0.095912513224261,-0.08224157431395,0.063508143289222,-0.041279515528216,0.017252030830015,0.006826774592533,-0.029284299236273,0.048641582407497,0.063683322757345,-0.073444358041933,0.077392619355099,-0.075294927634002,0.067283877933267,-0.053795924595066,0.03551838669695,-0.013324380039457,-0.011794314022383,0.038848450159761,-0.067227895896675,-0.03315846580289,0.090990429692236
-1.35525271560688E-20,9.31251303265578E-33,2.74737126980384E-09,-0.321669071094826,0.055090850822499,0.10769707227458,0.155538595075016,0.19509815443012,0.227833041708822,0.249076859027179,0.25584964343682,0.252958654238157,-0.238489341076038,-0.214081992392593,0.181660514853355,0.143701118626436,-0.102473891256521,-0.060289135267888,-0.019267366696001,0.018772629160423,0.052564474564456,0.08038343546827,0.102307810477911,0.117624793462685,0.126306179304214,0.128591740798931,-0.125048841511831,0.116276395266628,0.103066918272728,-0.086305147515313,0.066987715503134,0.045952099411673,-0.02446320263125,0.003203900016136,0.016942828807661,-0.035231805036632,0.051044811236327,-0.063871292535015,0.073324600069539,-0.079164423106248,0.081293727848872,0.079734394685209,-0.074562509949623,0.066047986838395,-0.054492517893959,0.040270215893889,-0.02379495652097,0.005503693535718,0.014166710326609,-0.034784413054346,0.055990981952916,-0.077522982329138,-0.036418484588984,0.093252349198983
5.42101086242752E-20,-1.50638601502644E-32,-4.6151031061981E-09,0.547816909991457,-0.033151051759976,-0.065888376742731,-0.097731248585185,-0.127079037344333,-0.155252394835341,-0.179208122264555,-0.196400233440965,-0.209773581791174,0.217072316637594,0.218449458742172,-0.214148926447471,-0.204885239064663,0.1912404974789,0.174041799290402,0.154077709986114,0.132162160390965,0.109411925698629,0.0853899295089,0.06190719212559,0.039002669508336,0.017170785337134,-0.003211161407855,0.021855742572186,-0.038557011569031,-0.053140699451531,0.065477925451589,-0.075524623346005,-0.08297855333458,0.08853149014984,-0.091695671200222,0.092658409328419,-0.091551343972795,0.088504243237042,-0.083639104346613,0.077101121205152,-0.069059835801792,0.059691423899634,0.04916323309173,-0.037613425366174,0.025226629861663,-0.012159771719548,-0.001443378669217,0.015453693817053,-0.029750504406374,0.044232862568953,-0.058801195966028,0.073422879729451,-0.0878591877802,-0.039678890673437,0.095514268705147
-1.0842021724855E-19,1.04242371805346E-32,8.21256777953851E-09,-0.979488275638068,0.010535271905131,0.021957267730591,0.034850827532581,0.048972928142088,0.064869026487336,0.081128267885355,0.096198508766636,0.111075876528356,-0.124320238225049,-0.135610216578533,0.14467722123606,0.1515404463441,-0.156161617217165,-0.15870140703191,-0.159291613122588,-0.15813591298781,-0.155966777516774,-0.151306039027327,-0.146216842351708,-0.140096439642109,-0.13315974961925,-0.125551230789485,0.117480950116125,-0.108993392281604,-0.100179486047665,0.091105617152984,-0.081879947668003,-0.072326265928446,0.063042953994321,-0.053646089703779,0.044257255064942,-0.034925213132269,0.025673922614201,-0.016516516196065,0.00747111165849,0.001445257815913,-0.010224992688487,-0.018869893279266,0.027363735228576,-0.035724931453051,0.043947770535221,-0.052041399378724,0.060019652349079,-0.067888270135563,0.075662653242846,-0.083343535010298,0.090998548841327,-0.09821528008165,-0.042939483158828,0.097776188210832
2.16840434497101E-19,-1.11313892204943E-32,-1.8229988713483E-08,2.17760617864316,0.019191557729707,0.035814903547622,0.048081856000826,0.054864478933706,0.057239059036501,0.055046047862346,0.048887085950592,0.040775287755025,-0.031034027884765,-0.02044102625683,0.009564985153804,-0.001157500109101,0.011456337412786,0.021163143692874,0.030167144681455,0.038425119014067,0.046092466646353,0.052674149021524,0.058804313613638,0.064277820235279,0.069158778876361,0.073496482501598,-0.077393038172204,0.080869487282199,0.083965900183276,-0.086706586687123,0.089160686366202,0.0910550314469,-0.093146366181549,0.094885521317223,-0.096411338422348,0.097775365604047,-0.099006315763039,0.100106446748567,-0.101083411320889,0.101959469063301,-0.102763643807843,-0.103519456963703,0.104172287703765,-0.104797003104406,0.105385699308682,-0.105948711997383,0.106498061187235,-0.107030334804467,0.107553551027914,-0.108058825898318,0.108620364596623,-0.108577606948354,-0.046200131980541,0.100038107716153
-4.33680868994202E-19,4.55695526012311E-32,5.40549756626294E-08,-6.46091017768917,-0.111170999704481,-0.214404008942822,-0.30419744178602,-0.375443738270351,-0.434682348956285,-0.477453414233673,-0.501902774446629,-0.519805670978593,0.528289819823599,0.529677409448696,-0.525455102863868,-0.517378242603592,0.506245616185692,0.49306115327903,0.478420234215837,0.462885628708928,0.448377791911344,0.430381834960456,0.414476474034538,0.39859937397032,0.383018006521197,0.36780818642738,-0.353264220760121,0.339234619268938,0.325718803695785,-0.312662181053498,0.300180240896582,0.287302454034276,-0.276253689041673,0.265245195680247,-0.254605274093618,0.244395721256657,-0.234609392238842,0.225181973800063,-0.216075593819072,0.20728858526782,-0.19882898041281,-0.190689570130845,0.182729553048067,-0.175040058532593,0.167574471585431,-0.16031190914779,0.153234407233684,-0.14630514988408,0.139504240437074,-0.132796136708714,0.126247954041265,-0.118940700642746,-0.049460787330126,0.102300027221226
-31622.7766016838,7.6634036051975E-32,1.26340073330422E-07,-15.0994265340213,-0.241533557138367,-0.464622921433619,-0.656476739573821,-0.805751955471257,-0.926603756948196,-1.00995287633024,-1.05269263484537,-1.08038662971074,1.08761366753222,1.07979584515554,-1.06047519088047,-1.03359898509795,1.00103489495901,0.96495916286306,0.926673323752115,0.887346138403415,0.85066311717788,0.808089520896783,0.770148634456546,0.732920927704371,0.696877234167449,0.662119890351724,-0.629135403349376,0.597599751256011,0.56747170721005,-0.53861777541951,0.511199795425218,0.483549876621085,-0.459361011901601,0.435604870042846,-0.41279920976563,0.391016076908197,-0.370212468713123,0.350257500852023,-0.33106777631604,0.312617701474838,-0.294894317018557,-0.277859683297805,0.261286818391643,-0.245283113962688,0.229763243864975,-0.214675106297749,0.199970753279611,-0.185579964962752,0.171454929848342,-0.1575334475215,0.143875543482598,-0.129303794335398,-0.052721442676045,0.104561946725289
